src_port,dst_port,packet_size,duration_ms,protocol,prediction,confidence_score
443,62394,1475,70,UDP,-1,0.5945153539165209
8080,57573,1446,356,TCP,-1,0.6146796836208355
8080,12470,237,177,UDP,-1,0.5854180434682011
8080,30934,936,50,UDP,-1,0.5825599732425474
8080,57835,403,317,TCP,-1,0.5879699171878864
8080,42840,1195,73,UDP,-1,0.5869766398928462
8080,24430,120,222,UDP,-1,0.5986796436686777
8080,4015,562,365,UDP,-1,0.5873861557138311
8080,57966,1264,302,TCP,-1,0.5906239330021957
8080,46354,212,121,TCP,-1,0.5844034432727165
8080,22666,223,50,TCP,-1,0.6119177022411886
8080,53188,1357,99,TCP,-1,0.6058714010489678
8080,50454,555,499,TCP,-1,0.6215826961554728
8080,62204,817,71,TCP,-1,0.618860129025878
8080,57161,1444,301,UDP,-1,0.6022409495109432
8080,10813,1460,427,TCP,-1,0.5986379585696172
8080,57884,1442,322,TCP,-1,0.6126652662604027
443,58953,129,55,TCP,-1,0.5965543625973214
8080,16520,213,51,UDP,-1,0.621585836396317
8080,62564,126,220,TCP,-1,0.6194360416171595
443,4697,1308,61,UDP,-1,0.6070178779774692
8080,15252,185,426,TCP,-1,0.5869670734112258
8080,57779,665,496,TCP,-1,0.6220702173793106
8080,57667,1144,165,UDP,-1,0.5824413679923206
8080,2587,1453,299,UDP,-1,0.6058304269650587
8080,2296,1319,244,UDP,-1,0.589410302825374
8080,29113,319,64,UDP,-1,0.5967060570479079
8080,4943,1388,301,TCP,-1,0.5909015625192633
8080,4968,814,97,TCP,-1,0.5938374820413359
8080,31580,1452,75,TCP,-1,0.6050365185804655
8080,6191,404,437,UDP,-1,0.600534580738535
443,2641,113,421,UDP,-1,0.5914859827789652
8080,55590,1045,97,TCP,-1,0.6010751550302854
8080,65100,170,131,UDP,-1,0.632962592044754
8080,48731,1362,133,UDP,-1,0.5843925317079751
8080,61982,262,89,UDP,-1,0.6140707743309296
8080,57938,1165,200,TCP,-1,0.5924349486386784
22,63828,127,367,TCP,-1,0.580532397556209
8080,2204,1173,499,UDP,-1,0.6337325875062632
8080,1105,1124,165,TCP,-1,0.5966829714558006
8080,17940,235,444,TCP,-1,0.5840365015284337
8080,49320,666,446,TCP,-1,0.5823436392172263
8080,64183,1148,429,UDP,-1,0.6217184986516928
8080,56486,1199,129,UDP,-1,0.5840497484193723
8080,46554,781,449,TCP,-1,0.5804745737356047
8080,63733,332,153,UDP,-1,0.5992383026635598
443,65350,521,56,UDP,-1,0.5816905360573115
8080,27160,176,66,TCP,-1,0.6164914413221146
8080,46303,798,465,UDP,-1,0.5811545516430294
8080,25013,126,351,UDP,-1,0.598021817389102
8080,43735,1292,421,TCP,-1,0.5839093778070724
8080,22670,451,475,UDP,-1,0.5805633101571047
8080,9130,258,370,UDP,-1,0.5879525305944995
8080,15259,979,497,UDP,-1,0.5994545625526182
8080,65425,1299,50,UDP,-1,0.6409560246818019
8080,45486,1282,104,TCP,-1,0.5798467310406492
8080,14266,172,57,UDP,-1,0.6336147458419323
8080,43710,133,140,TCP,-1,0.5936873432629625
8080,48627,1230,69,TCP,-1,0.5916769988838697
8080,48280,1442,57,TCP,-1,0.6165037817744274
8080,54639,366,71,TCP,-1,0.6136977787655609
8080,11380,152,318,UDP,-1,0.6037262691030013
8080,11855,1282,124,UDP,-1,0.5798729503626384
8080,34031,1387,489,TCP,-1,0.609683364753911
8080,32879,1455,351,TCP,-1,0.5919060595022123
443,19985,134,62,UDP,-1,0.5858690969158591
8080,13408,1036,495,TCP,-1,0.5875646878518483
8080,1559,1293,493,TCP,-1,0.6287285147435341
443,65122,1467,413,UDP,-1,0.59348614519033
8080,34428,1497,425,UDP,-1,0.5962673347260133
8080,4429,793,89,TCP,-1,0.594426169118312
8080,30435,220,160,UDP,-1,0.5818631207312593
8080,5284,1350,348,TCP,-1,0.5877676162814042
8080,56095,166,61,UDP,-1,0.6244938790939637
443,63967,112,211,TCP,-1,0.587390649109801
8080,63773,739,153,UDP,-1,0.5849251914603186
8080,63127,174,476,UDP,-1,0.6554808819535558
8080,58947,668,63,UDP,-1,0.5928162522998838
8080,24014,1492,453,UDP,-1,0.6004570947233858
8080,14017,622,497,UDP,-1,0.5982095790450077
8080,59776,484,437,TCP,-1,0.6077817474116571
8080,1959,1123,469,TCP,-1,0.6020079674210718
8080,63529,983,440,TCP,-1,0.6127955581212637
8080,43557,370,438,UDP,-1,0.5843693384350602
8080,1826,1203,115,TCP,-1,0.6086778395129333
8080,33877,1418,485,TCP,-1,0.6131279833022731
8080,38472,218,72,UDP,-1,0.6018117167294202
8080,60025,305,408,UDP,-1,0.603948013174679
8080,58999,623,396,TCP,-1,0.5880374595001946
8080,47416,1425,111,TCP,-1,0.5949393434981727
8080,13984,1454,196,UDP,-1,0.5809403888492326
8080,32263,1299,479,UDP,-1,0.5979337612938675
8080,20202,530,68,TCP,-1,0.5841335860975907
8080,48765,102,231,UDP,-1,0.612473872954367
8080,38514,283,88,TCP,-1,0.5841202224255092
8080,2219,1498,470,TCP,-1,0.6295248910262788
8080,56562,1478,472,UDP,-1,0.6411030647233171
8080,3784,329,160,UDP,-1,0.6083616612861513
8080,60669,111,418,TCP,-1,0.6313331995143794
8080,29475,1244,65,TCP,-1,0.582086303649141
